team_id,name,abbr,nickname,logo_file_name,city_id,park_id,league_id,sub_league_id,division_id,nation_id,parent_team_id,level,prevent_any_moves,human_team,human_id,gender,background_color_id,text_color_id,ballcaps_main_color_id,ballcaps_visor_color_id,jersey_main_color_id,jersey_away_color_id,jersey_secondary_color_id,jersey_pin_stripes_color_id,allstar_team,historical_id
1,"Las Vegas","LV","Privateers","las_vegas_privateers.png",43942,1,100,0,2,206,0,1,0,0,0,0,"#016960","#FCB713","#016960","#FCB713","#FFFFFF","#AAAAAA","#016960","#016960",0,""
2,"Houston","HOU","Hawks","houston_hawks.png",32688,2,100,0,0,206,0,1,0,0,0,0,"#091F40","#EF4923","#091F40","#EF4923","#FFFFFF","#AAAAAA","#091F40","#091F40",0,""
3,"Long Beach","LB","Horsemen","long_beach_horsemen.png",41750,3,100,0,2,206,0,1,0,0,0,0,"#0071BC","#4D4D4F","#0071BC","#4D4D4F","#FFFFFF","#AAAAAA","#0071BC","#0071BC",0,""
4,"Memphis","MEM","Black Knights","memphis_black_knights.png",49583,4,100,0,0,206,0,1,0,0,0,0,"#000000","#4D4D4F","#000000","#4D4D4F","#FFFFFF","#AAAAAA","#000000","#000000",0,""
5,"San Francisco","SF","Revolution","san_francisco_revolution.png",69999,5,100,0,2,206,0,1,0,0,0,0,"#233F94","#FCB713","#233F94","#FCB713","#FFFFFF","#AAAAAA","#233F94","#233F94",0,""
6,"Fresno","FRE","Bees","fresno_bees.png",24787,6,100,0,2,206,0,1,0,0,0,0,"#FCB713","#000000","#FCB713","#000000","#FFFFFF","#AAAAAA","#FCB713","#FCB713",0,""
7,"Dallas","DAL","Purple Aces","dallas_purple_aces.png",21777,7,100,0,1,206,0,1,0,0,0,0,"#695CC2","#000000","#695CC2","#000000","#FFFFFF","#AAAAAA","#695CC2","#695CC2",0,""
8,"San Diego","SD","Yaks","san_diego_yaks.png",69896,8,100,0,2,206,0,1,0,0,0,0,"#005933","#FCB713","#005933","#FCB713","#FFFFFF","#AAAAAA","#005933","#005933",0,""
9,"Denver","DEN","Bucs","denver_bucs.png",20170,9,100,0,1,206,0,1,0,0,0,0,"#008249","#203468","#008249","#203468","#FFFFFF","#AAAAAA","#008249","#008249",0,""
10,"Omaha","OMA","Rangers","omaha_rangers.png",57291,10,100,0,1,206,0,1,0,0,0,0,"#D8C18D","#005933","#D8C18D","#005933","#FFFFFF","#AAAAAA","#D8C18D","#D8C18D",0,""
11,"Albuquerque","ALB","Underdogs","albuquerque_underdogs.png",1405,11,100,0,1,206,0,1,0,0,0,0,"#005933","#FCB713","#005933","#FCB713","#FFFFFF","#AAAAAA","#005933","#005933",0,""
12,"Jacksonville","JAC","Swarm","jacksonville_swarm.png",34776,12,100,0,0,206,0,1,0,0,0,0,"#FCB713","#000000","#FCB713","#000000","#FFFFFF","#AAAAAA","#FCB713","#FCB713",0,""
13,"Philadelphia","PHI","Sabres","philadelphia_sabres.png",58713,13,100,0,0,206,0,1,0,1,1,0,"#E41E2D","#4D4D4F","#E41E2D","#4D4D4F","#FFFFFF","#AAAAAA","#E41E2D","#E41E2D",0,""
14,"Tucson","TUC","Ocelots","tucson_ocelots.png",81480,14,100,0,1,206,0,1,0,0,0,0,"#000000","#FCB713","#000000","#FCB713","#FFFFFF","#AAAAAA","#000000","#000000",0,""
15,"Cleveland","CLE","White Knights","cleveland_white_knights.png",14082,15,100,0,0,206,0,1,0,0,0,0,"#791730","#A1A9AD","#791730","#A1A9AD","#FFFFFF","#AAAAAA","#791730","#791730",0,""
16,"Miami","MIA","Badlanders","miami_badlanders.png",50031,16,100,1,0,206,0,1,0,0,0,0,"#FCB713","#4D4D4F","#FCB713","#4D4D4F","#FFFFFF","#AAAAAA","#FCB713","#FCB713",0,""
17,"San Jose","SJ","Cannoneers","san_jose_cannoneers.png",70210,17,100,1,2,206,0,1,0,0,0,0,"#005087","#F79C1D","#005087","#F79C1D","#FFFFFF","#AAAAAA","#005087","#005087",0,""
18,"Milwaukee","MIL","Sundevils","milwaukee_sundevils.png",50428,18,100,1,1,206,0,1,0,0,0,0,"#E41E2D","#E6E6E6","#E41E2D","#E6E6E6","#FFFFFF","#AAAAAA","#E41E2D","#E41E2D",0,""
19,"Charlotte","CHA","Mercenaries","charlotte_mercenaries.png",18952,19,100,1,0,206,0,1,0,0,0,0,"#233F94","#FF6600","#233F94","#FF6600","#FFFFFF","#AAAAAA","#233F94","#233F94",0,""
20,"Phoenix","PHO","Cowboys","phoenix_cowboys.png",58739,20,100,1,2,206,0,1,0,0,0,0,"#519BD2","#9F8D31","#519BD2","#9F8D31","#FFFFFF","#AAAAAA","#519BD2","#519BD2",0,""
21,"Columbus","COL","Americans","columbus_americans.png",14625,21,100,1,0,206,0,1,0,0,0,0,"#E41E2D","#FF0000","#E41E2D","#FF0000","#FFFFFF","#AAAAAA","#E41E2D","#E41E2D",0,""
22,"New Orleans","NO","Mavericks","new_orleans_mavericks.png",55156,22,100,1,1,206,0,1,0,0,0,0,"#091F40","#FF6600","#091F40","#FF6600","#FFFFFF","#AAAAAA","#091F40","#091F40",0,""
23,"Seattle","SEA","Crusaders","seattle_crusaders.png",72460,23,100,1,2,206,0,1,0,0,0,0,"#519BD2","#005087","#519BD2","#005087","#FFFFFF","#AAAAAA","#519BD2","#519BD2",0,""
24,"Oklahoma City","OC","Eagles","oklahoma_city_eagles.png",57035,24,100,1,1,206,0,1,0,0,0,0,"#7DC3D9","#791730","#7DC3D9","#791730","#FFFFFF","#AAAAAA","#7DC3D9","#7DC3D9",0,""
25,"Mesa","MES","Sluggers","mesa_sluggers.png",49808,25,100,1,2,206,0,1,0,0,0,0,"#CC202A","#FF6600","#CC202A","#FF6600","#FFFFFF","#AAAAAA","#CC202A","#CC202A",0,""
26,"El Paso","EP","Spinners","el_paso_spinners.png",23176,26,100,1,1,206,0,1,0,0,0,0,"#6DAADC","#4D4D4F","#6DAADC","#4D4D4F","#FFFFFF","#AAAAAA","#6DAADC","#6DAADC",0,""
27,"Ft. Worth","FW","Dingos","ft_worth_dingos.png",25145,27,100,1,1,206,0,1,0,0,0,0,"#BE1E2D","#00528D","#BE1E2D","#00528D","#FFFFFF","#AAAAAA","#BE1E2D","#BE1E2D",0,""
28,"Newport News","NN","Donkeys","newport_news_donkeys.png",55288,28,100,1,0,206,0,1,0,0,0,0,"#00528D","#DFBB02","#00528D","#DFBB02","#FFFFFF","#AAAAAA","#00528D","#00528D",0,""
29,"Sacramento","SAC","Predators","sacramento_predators.png",67700,29,100,1,2,206,0,1,0,0,0,0,"#CC202A","#203468","#CC202A","#203468","#FFFFFF","#AAAAAA","#CC202A","#CC202A",0,""
30,"Grand Rapids","GR","Prairie Thunder","grand_rapids_prairie_thunder.png",29499,30,100,1,0,206,0,1,0,0,0,0,"#203468","#FF6600","#203468","#FF6600","#FFFFFF","#AAAAAA","#203468","#203468",0,""
31,"Winston-Salem","WIN","Spirit","winston-salem_spirit.png",86841,31,101,0,0,206,10,2,0,0,0,0,"#FF6600","#FCB713","#FF6600","#FCB713","#FFFFFF","#AAAAAA","#FF6600","#FF6600",0,""
32,"Berkeley","BER","Alleycats","berkeley_alleycats.png",8788,32,101,0,0,206,2,2,0,0,0,0,"#203468","#E41E2D","#203468","#E41E2D","#FFFFFF","#AAAAAA","#203468","#203468",0,""
33,"Glendale","GLE","Dust Devils","glendale_dust_devils.png",28711,33,101,0,2,206,4,2,0,0,0,0,"#939598","#ED1C24","#939598","#ED1C24","#FFFFFF","#AAAAAA","#939598","#939598",0,""
34,"Augusta","AUG","Brown Bears","augusta_brown_bears.png",4889,34,101,0,0,206,21,2,0,0,0,0,"#091F40","#D8C18D","#091F40","#D8C18D","#FFFFFF","#AAAAAA","#091F40","#091F40",0,""
35,"Gloucester City","GC","Moose","gloucester_city_moose.png",28777,35,101,0,0,206,5,2,0,0,0,0,"#203468","#EF4923","#203468","#EF4923","#FFFFFF","#AAAAAA","#203468","#203468",0,""
36,"Modesto","MOD","Otters","modesto_otters.png",50945,36,101,0,2,206,23,2,0,0,0,0,"#233F94","#FCB713","#233F94","#FCB713","#FFFFFF","#AAAAAA","#233F94","#233F94",0,""
37,"Riverside","RIV","Volts","riverside_volts.png",66644,37,101,0,2,206,8,2,0,0,0,0,"#203468","#FFE300","#203468","#FFE300","#FFFFFF","#AAAAAA","#203468","#203468",0,""
38,"Lido Beach","LB","Tarpons","lido_beach_tarpons.png",45343,38,101,0,0,206,1,2,0,0,0,0,"#0071BC","#E41E2D","#0071BC","#E41E2D","#FFFFFF","#AAAAAA","#0071BC","#0071BC",0,""
39,"Henderson","HEN","Raccoons","henderson_raccoons.png",31397,39,101,0,1,206,19,2,0,0,0,0,"#091F40","#D8C18D","#091F40","#D8C18D","#FFFFFF","#AAAAAA","#091F40","#091F40",0,""
40,"Anchorage","ANC","Liberty","anchorage_liberty.png",2891,40,101,0,2,206,22,2,0,0,0,0,"#203468","#FF6600","#203468","#FF6600","#FFFFFF","#AAAAAA","#203468","#203468",0,""
41,"Aurora","AUR","Colonials","aurora_colonials.png",4971,41,101,0,1,206,18,2,0,0,0,0,"#F79C1D","#005087","#F79C1D","#005087","#FFFFFF","#AAAAAA","#F79C1D","#F79C1D",0,""
42,"North Las Vegas","NL","Islanders","north_las_vegas_islanders.png",56150,42,101,0,2,206,17,2,0,0,0,0,"#233F94","#E41E2D","#233F94","#E41E2D","#FFFFFF","#AAAAAA","#233F94","#233F94",0,""
43,"Paradise","PAR","Lumber Kings","paradise_lumber_kings.png",62752,43,101,0,1,206,7,2,0,0,0,0,"#D8C18D","#005933","#D8C18D","#005933","#FFFFFF","#AAAAAA","#D8C18D","#D8C18D",0,""
44,"Tempe","TEM","Red Wings","tempe_red_wings.png",79104,44,101,0,1,206,30,2,0,0,0,0,"#CC202A","#203468","#CC202A","#203468","#FFFFFF","#AAAAAA","#CC202A","#CC202A",0,""
45,"Jackson","JAC","Silver Stars","jackson_silver_stars.png",34758,45,101,0,1,206,13,2,0,0,0,0,"#A1A9AD","#233F94","#A1A9AD","#233F94","#FFFFFF","#AAAAAA","#A1A9AD","#A1A9AD",0,""
46,"Corpus Christi","CC","Sabres","corpus_christi_sabres.png",15185,46,101,1,1,206,12,2,0,0,0,0,"#E41E2D","#4D4D4F","#E41E2D","#4D4D4F","#FFFFFF","#AAAAAA","#E41E2D","#E41E2D",0,""
47,"Minneapolis","MIN","Skyliners","minneapolis_skyliners.png",50536,47,101,1,1,206,20,2,0,0,0,0,"#233F94","#FCB713","#233F94","#FCB713","#FFFFFF","#AAAAAA","#233F94","#233F94",0,""
48,"Clarks","CLA","Bucs","clarks_bucs.png",13968,48,101,1,1,206,26,2,0,0,0,0,"#008249","#203468","#008249","#203468","#FFFFFF","#AAAAAA","#008249","#008249",0,""
49,"Laredo","LAR","Peaches","laredo_peaches.png",43842,49,101,1,1,206,16,2,0,0,0,0,"#EE9C21","#005933","#EE9C21","#005933","#FFFFFF","#AAAAAA","#EE9C21","#EE9C21",0,""
50,"Colorado Springs","CS","Conquistadors","colorado_springs_conquistadors.png",14578,50,101,1,2,206,29,2,0,0,0,0,"#A50A1F","#C0C2C3","#A50A1F","#C0C2C3","#FFFFFF","#AAAAAA","#A50A1F","#A50A1F",0,""
51,"Hickory Creek","HC","Gryphons","hickory_creek_gryphons.png",31728,51,101,1,1,206,24,2,0,0,0,0,"#0071BC","#D8C18D","#0071BC","#D8C18D","#FFFFFF","#AAAAAA","#0071BC","#0071BC",0,""
52,"Chesapeake","CHE","Manatees","chesapeake_manatees.png",19312,52,101,1,0,206,28,2,0,0,0,0,"#091F40","#FFDB5C","#091F40","#FFDB5C","#FFFFFF","#AAAAAA","#091F40","#091F40",0,""
53,"Ontario","ONT","Galaxy","ontario_galaxy.png",57383,53,101,1,2,206,6,2,0,0,0,0,"#233F94","#EF4923","#233F94","#EF4923","#FFFFFF","#AAAAAA","#233F94","#233F94",0,""
54,"Santa Clarita","SC","Silver Hawks","santa_clarita_silver_hawks.png",71027,54,101,1,2,206,14,2,0,0,0,0,"#EF4923","#A1A9AD","#EF4923","#A1A9AD","#FFFFFF","#AAAAAA","#EF4923","#EF4923",0,""
55,"Lexington","LEX","Velocity","lexington_velocity.png",45184,55,101,1,0,206,9,2,0,0,0,0,"#6DAADC","#4D4D4F","#6DAADC","#4D4D4F","#FFFFFF","#AAAAAA","#6DAADC","#6DAADC",0,""
56,"Oceanside","OCE","Aggies","oceanside_aggies.png",56726,56,101,1,2,206,25,2,0,0,0,0,"#066CC6","#6EB7B6","#066CC6","#6EB7B6","#FFFFFF","#AAAAAA","#066CC6","#066CC6",0,""
57,"Tampa","TAM","Pirates","tampa_pirates.png",78373,57,101,1,0,206,15,2,0,0,0,0,"#CC202A","#00528D","#CC202A","#00528D","#FFFFFF","#AAAAAA","#CC202A","#CC202A",0,""
58,"Bainbridge Island","BI","Green Jackets","bainbridge_island_green_jackets.png",6260,58,101,1,2,206,27,2,0,0,0,0,"#091F40","#FFE300","#091F40","#FFE300","#FFFFFF","#AAAAAA","#091F40","#091F40",0,""
59,"Pennington","PEN","Jays","pennington_jays.png",63606,59,101,1,0,206,3,2,0,0,0,0,"#0071BC","#E41E2D","#0071BC","#E41E2D","#FFFFFF","#AAAAAA","#0071BC","#0071BC",0,""
60,"Yonkers","YON","Ironmen","yonkers_ironmen.png",88065,60,101,1,0,206,11,2,0,0,0,0,"#4D4D4F","#EF4923","#4D4D4F","#EF4923","#FFFFFF","#AAAAAA","#4D4D4F","#4D4D4F",0,""
61,"Dandridge","DAN","Blue Sox","dandridge_blue_sox.png",21900,61,102,0,0,206,1,3,0,0,0,0,"#233F94","#D8C18D","#233F94","#D8C18D","#FFFFFF","#AAAAAA","#233F94","#233F94",0,""
62,"Pittsburgh","PIT","Mules","pittsburgh_mules.png",59354,62,102,0,0,206,21,3,0,0,0,0,"#016960","#091F40","#016960","#091F40","#FFFFFF","#AAAAAA","#016960","#016960",0,""
63,"St. Paul","SP","Tsunami","st_paul_tsunami.png",69127,63,102,0,1,206,26,3,0,0,0,0,"#0071BC","#A1A9AD","#0071BC","#A1A9AD","#FFFFFF","#AAAAAA","#0071BC","#0071BC",0,""
64,"St. Petersburg","SP","Mounties","st_petersburg_mounties.png",69137,64,102,0,0,206,6,3,0,0,0,0,"#FFFFFF","#0071BC","#FFFFFF","#0071BC","#FFFFFF","#AAAAAA","#FFFFFF","#FFFFFF",0,""
65,"Knoxville","KNO","Timberwolves","knoxville_timberwolves.png",39092,65,102,0,0,206,15,3,0,0,0,0,"#FFE300","#005933","#FFE300","#005933","#FFFFFF","#AAAAAA","#FFE300","#FFE300",0,""
66,"Boise","BOI","Red Dragons","boise_red_dragons.png",10388,66,102,0,2,206,30,3,0,0,0,0,"#E41E2D","#E6E6E6","#E41E2D","#E6E6E6","#FFFFFF","#AAAAAA","#E41E2D","#E41E2D",0,""
67,"Garland","GAR","Beacons","garland_beacons.png",27837,67,102,0,2,206,29,3,0,0,0,0,"#7DC3D9","#EF4923","#7DC3D9","#EF4923","#FFFFFF","#AAAAAA","#7DC3D9","#7DC3D9",0,""
68,"Worthington","WOR","Liberty","worthington_liberty.png",86531,68,102,0,1,206,24,3,0,0,0,0,"#203468","#FF6600","#203468","#FF6600","#FFFFFF","#AAAAAA","#203468","#203468",0,""
69,"St. Louis","SL","Hound Dogs","st_louis_hound_dogs.png",69095,69,102,0,1,206,18,3,0,0,0,0,"#233F94","#EF4923","#233F94","#EF4923","#FFFFFF","#AAAAAA","#233F94","#233F94",0,""
70,"Clinton","CLI","Threshers","clinton_threshers.png",14121,70,102,0,1,206,12,3,0,0,0,0,"#016960","#4D4D4F","#016960","#4D4D4F","#FFFFFF","#AAAAAA","#016960","#016960",0,""
71,"East Lansdowne","EL","Maroons","east_lansdowne_maroons.png",22480,71,102,0,0,206,27,3,0,0,0,0,"#D8C18D","#791730","#D8C18D","#791730","#FFFFFF","#AAAAAA","#D8C18D","#D8C18D",0,""
72,"Battlement Mesa","BM","Vulcans","battlement_mesa_vulcans.png",7632,72,102,0,2,206,20,3,0,0,0,0,"#233F94","#FCB713","#233F94","#FCB713","#FFFFFF","#AAAAAA","#233F94","#233F94",0,""
73,"Ft. Wayne","FW","Diamond Miners","ft_wayne_diamond_miners.png",25148,73,102,0,1,206,11,3,0,0,0,0,"#662D91","#00A79D","#662D91","#00A79D","#FFFFFF","#AAAAAA","#662D91","#662D91",0,""
74,"Arlington","ARL","Titans","arlington_titans.png",4076,74,102,0,2,206,14,3,0,0,0,0,"#A1A9AD","#791730","#A1A9AD","#791730","#FFFFFF","#AAAAAA","#A1A9AD","#A1A9AD",0,""
75,"Wichita","WIC","Vipers","wichita_vipers.png",86418,75,102,0,2,206,28,3,0,0,0,0,"#000000","#D8C18D","#000000","#D8C18D","#FFFFFF","#AAAAAA","#000000","#000000",0,""
76,"Irvine","IRV","Archers","irvine_archers.png",33718,76,102,1,2,206,13,3,0,0,0,0,"#E41E2D","#000000","#E41E2D","#000000","#FFFFFF","#AAAAAA","#E41E2D","#E41E2D",0,""
77,"Worcester","WOR","Orange Sox","worcester_orange_sox.png",86551,77,102,1,0,206,17,3,0,0,0,0,"#EF4923","#5C0E67","#EF4923","#5C0E67","#FFFFFF","#AAAAAA","#EF4923","#EF4923",0,""
78,"Spokane","SPO","Lobos","spokane_lobos.png",75641,78,102,1,2,206,23,3,0,0,0,0,"#203468","#E41E2D","#203468","#E41E2D","#FFFFFF","#AAAAAA","#203468","#203468",0,""
79,"Glendale","GLE","Bullets","glendale_bullets.png",28714,79,102,1,0,206,9,3,0,0,0,0,"#EF4923","#4D4D4F","#EF4923","#4D4D4F","#FFFFFF","#AAAAAA","#EF4923","#EF4923",0,""
80,"Lake Crystal","LC","Night Hawks","lake_crystal_night_hawks.png",43196,80,102,1,1,206,25,3,0,0,0,0,"#203468","#E41E2D","#203468","#E41E2D","#FFFFFF","#AAAAAA","#203468","#203468",0,""
81,"Myrtle Point","MP","Silver Wolves","myrtle_point_silver_wolves.png",52866,81,102,1,2,206,5,3,0,0,0,0,"#4D4D4F","#FCB713","#4D4D4F","#FCB713","#FFFFFF","#AAAAAA","#4D4D4F","#4D4D4F",0,""
82,"Gilbert","GIL","Lumber Kings","gilbert_lumber_kings.png",28482,82,102,1,1,206,22,3,0,0,0,0,"#D8C18D","#005933","#D8C18D","#005933","#FFFFFF","#AAAAAA","#D8C18D","#D8C18D",0,""
83,"Providence","PRO","Diplomats","providence_diplomats.png",61157,83,102,1,0,206,10,3,0,0,0,0,"#EF4136","#DFBB02","#EF4136","#DFBB02","#FFFFFF","#AAAAAA","#EF4136","#EF4136",0,""
84,"St. Albans","SA","Gold Sox","st_albans_gold_sox.png",68987,84,102,1,0,206,19,3,0,0,0,0,"#5C0E67","#FCB713","#5C0E67","#FCB713","#FFFFFF","#AAAAAA","#5C0E67","#5C0E67",0,""
85,"Hialeah","HIA","Razorbacks","hialeah_razorbacks.png",31718,85,102,1,0,206,4,3,0,0,0,0,"#005933","#E41E2D","#005933","#E41E2D","#FFFFFF","#AAAAAA","#005933","#005933",0,""
86,"Stockton","STO","Inferno","stockton_inferno.png",76303,86,102,1,2,206,2,3,0,0,0,0,"#005933","#FCB713","#005933","#FCB713","#FFFFFF","#AAAAAA","#005933","#005933",0,""
87,"Oxnard","OXN","Pilots","oxnard_pilots.png",58204,87,102,1,2,206,8,3,0,0,0,0,"#7DC3D9","#4D4D4F","#7DC3D9","#4D4D4F","#FFFFFF","#AAAAAA","#7DC3D9","#7DC3D9",0,""
88,"Plano","PLA","Bengals","plano_bengals.png",59475,88,102,1,1,206,3,3,0,0,0,0,"#008249","#FCB713","#008249","#FCB713","#FFFFFF","#AAAAAA","#008249","#008249",0,""
89,"Glendale","GLE","Purple Aces","glendale_purple_aces.png",28713,89,102,1,1,206,16,3,0,0,0,0,"#695CC2","#000000","#695CC2","#000000","#FFFFFF","#AAAAAA","#695CC2","#695CC2",0,""
90,"Lubbock","LUB","Millionaires","lubbock_millionaires.png",41565,90,102,1,1,206,7,3,0,0,0,0,"#008249","#203468","#008249","#203468","#FFFFFF","#AAAAAA","#008249","#008249",0,""
91,"Four Corners","FC","Anglers","four_corners_anglers.png",25079,91,103,0,1,206,8,4,0,0,0,0,"#FFCC46","#000000","#FFCC46","#000000","#FFFFFF","#AAAAAA","#FFCC46","#FFCC46",0,""
92,"Raleigh","RAL","Marshals","raleigh_marshals.png",64894,92,103,0,0,206,4,4,0,0,0,0,"#091F40","#7DC3D9","#091F40","#7DC3D9","#FFFFFF","#AAAAAA","#091F40","#091F40",0,""
93,"Bakersfield","BAK","Lone Stars","bakersfield_lone_stars.png",6327,93,103,0,2,206,5,4,0,0,0,0,"#EF4923","#203468","#EF4923","#203468","#FFFFFF","#AAAAAA","#EF4923","#EF4923",0,""
94,"Baker","BAK","Vultures","baker_vultures.png",6326,94,103,0,1,206,13,4,0,0,0,0,"#CC202A","#791730","#CC202A","#791730","#FFFFFF","#AAAAAA","#CC202A","#CC202A",0,""
95,"Garden Grove","GG","Green Jackets","garden_grove_green_jackets.png",27779,95,103,0,2,206,14,4,0,0,0,0,"#091F40","#FFE300","#091F40","#FFE300","#FFFFFF","#AAAAAA","#091F40","#091F40",0,""
96,"Brownsville","BRO","Sunchasers","brownsville_sunchasers.png",11964,96,103,0,1,206,29,4,0,0,0,0,"#203468","#FCB713","#203468","#FCB713","#FFFFFF","#AAAAAA","#203468","#203468",0,""
97,"Montgomery","MON","Tomcats","montgomery_tomcats.png",51547,97,103,0,0,206,27,4,0,0,0,0,"#203468","#EF4923","#203468","#EF4923","#FFFFFF","#AAAAAA","#203468","#203468",0,""
98,"Blue Lake","BL","Silver Wolves","blue_lake_silver_wolves.png",10103,98,103,0,2,206,30,4,0,0,0,0,"#4D4D4F","#FCB713","#4D4D4F","#FCB713","#FFFFFF","#AAAAAA","#4D4D4F","#4D4D4F",0,""
99,"Newark","NEW","Colt 45s","newark_colt_45s.png",55218,99,103,0,0,206,18,4,0,0,0,0,"#939598","#EBD357","#939598","#EBD357","#FFFFFF","#AAAAAA","#939598","#939598",0,""
100,"Shreveport","SHR","Lobos","shreveport_lobos.png",73718,100,103,0,1,206,26,4,0,0,0,0,"#203468","#E41E2D","#203468","#E41E2D","#FFFFFF","#AAAAAA","#203468","#203468",0,""
101,"Montville","MON","Reds","montville_reds.png",51686,101,103,0,0,206,23,4,0,0,0,0,"#0071BC","#CC202A","#0071BC","#CC202A","#FFFFFF","#AAAAAA","#0071BC","#0071BC",0,""
102,"Spring Valley","SV","Seagulls","spring_valley_seagulls.png",75682,102,103,0,2,206,25,4,0,0,0,0,"#FF6600","#E6E6E6","#FF6600","#E6E6E6","#FFFFFF","#AAAAAA","#FF6600","#FF6600",0,""
103,"Searsport","SEA","Silver Stars","searsport_silver_stars.png",72447,103,103,0,0,206,2,4,0,0,0,0,"#A1A9AD","#233F94","#A1A9AD","#233F94","#FFFFFF","#AAAAAA","#A1A9AD","#A1A9AD",0,""
104,"Anaheim","ANA","Leafs","anaheim_leafs.png",2845,104,103,0,2,206,22,4,0,0,0,0,"#203468","#FCB713","#203468","#FCB713","#FFFFFF","#AAAAAA","#203468","#203468",0,""
105,"Baton Rouge","BR","Judges","baton_rouge_judges.png",7611,105,103,0,1,206,12,4,0,0,0,0,"#998675","#E41E2D","#998675","#E41E2D","#FFFFFF","#AAAAAA","#998675","#998675",0,""
106,"Arlington Heights","AH","Friars","arlington_heights_friars.png",4066,106,103,1,1,206,19,4,0,0,0,0,"#000000","#E6E6E6","#000000","#E6E6E6","#FFFFFF","#AAAAAA","#000000","#000000",0,""
107,"Mustang","MUS","Wolfhounds","mustang_wolfhounds.png",52737,107,103,1,2,206,16,4,0,0,0,0,"#A1A9AD","#E41E2D","#A1A9AD","#E41E2D","#FFFFFF","#AAAAAA","#A1A9AD","#A1A9AD",0,""
108,"Fayette","FAY","Gauchos","fayette_gauchos.png",25322,108,103,1,1,206,21,4,0,0,0,0,"#791730","#FFE300","#791730","#FFE300","#FFFFFF","#AAAAAA","#791730","#791730",0,""
109,"Durham","DUR","Hammerheads","durham_hammerheads.png",19502,109,103,1,0,206,6,4,0,0,0,0,"#016960","#A1A9AD","#016960","#A1A9AD","#FFFFFF","#AAAAAA","#016960","#016960",0,""
110,"Arlington","ARL","Klondikes","arlington_klondikes.png",4073,110,103,1,0,206,28,4,0,0,0,0,"#CC202A","#E6E6E6","#CC202A","#E6E6E6","#FFFFFF","#AAAAAA","#CC202A","#CC202A",0,""
111,"Huntsville","HUN","Isotopes","huntsville_isotopes.png",33063,111,103,1,1,206,24,4,0,0,0,0,"#E41E2D","#091F40","#E41E2D","#091F40","#FFFFFF","#AAAAAA","#E41E2D","#E41E2D",0,""
112,"Walnut Park","WP","Counts","walnut_park_counts.png",87596,112,103,1,2,206,17,4,0,0,0,0,"#005087","#ED2024","#005087","#ED2024","#FFFFFF","#AAAAAA","#005087","#005087",0,""
113,"Glens Falls North","GF","Thunder Dogs","glens_falls_north_thunder_dogs.png",28733,113,103,1,0,206,3,4,0,0,0,0,"#E41E2D","#D8C18D","#E41E2D","#D8C18D","#FFFFFF","#AAAAAA","#E41E2D","#E41E2D",0,""
114,"Show Low","SL","Olympians","show_low_olympians.png",73709,114,103,1,2,206,9,4,0,0,0,0,"#CC202A","#203468","#CC202A","#203468","#FFFFFF","#AAAAAA","#CC202A","#CC202A",0,""
115,"Wellfleet","WEL","Assassins","wellfleet_assassins.png",85739,115,103,1,0,206,11,4,0,0,0,0,"#104879","#FFCC46","#104879","#FFCC46","#FFFFFF","#AAAAAA","#104879","#104879",0,""
116,"Des Moines","DM","Mercenaries","des_moines_mercenaries.png",20253,116,103,1,1,206,20,4,0,0,0,0,"#233F94","#FF6600","#233F94","#FF6600","#FFFFFF","#AAAAAA","#233F94","#233F94",0,""
117,"Chandler","CHA","Defenders","chandler_defenders.png",18763,117,103,1,2,206,1,4,0,0,0,0,"#00528D","#BE1E2D","#00528D","#BE1E2D","#FFFFFF","#AAAAAA","#00528D","#00528D",0,""
118,"Midway (Liberty County)","M(","49ers","midway_(liberty_county)_49ers.png",50158,118,103,1,0,206,10,4,0,0,0,0,"#EF4923","#203468","#EF4923","#203468","#FFFFFF","#AAAAAA","#EF4923","#EF4923",0,""
119,"Scottsdale","SCO","Lookouts","scottsdale_lookouts.png",72398,119,103,1,2,206,15,4,0,0,0,0,"#E41E2D","#233F94","#E41E2D","#233F94","#FFFFFF","#AAAAAA","#E41E2D","#E41E2D",0,""
120,"Perry","PER","Copperheads","perry_copperheads.png",58354,120,103,1,1,206,7,4,0,0,0,0,"#A50A1F","#EBD357","#A50A1F","#EBD357","#FFFFFF","#AAAAAA","#A50A1F","#A50A1F",0,""
121,"Greensboro","GRE","Elephants","greensboro_elephants.png",29752,121,104,0,0,206,4,5,0,0,0,0,"#233F94","#E6E6E6","#233F94","#E6E6E6","#FFFFFF","#AAAAAA","#233F94","#233F94",0,""
122,"Louisville","LOU","Crunch","louisville_crunch.png",42078,122,104,0,1,206,8,5,0,0,0,0,"#005087","#F79C1D","#005087","#F79C1D","#FFFFFF","#AAAAAA","#005087","#005087",0,""
123,"Orlando","ORL","Maulers","orlando_maulers.png",57649,123,104,0,0,206,22,5,0,0,0,0,"#D8C18D","#0071BC","#D8C18D","#0071BC","#FFFFFF","#AAAAAA","#D8C18D","#D8C18D",0,""
124,"Torrington","TOR","Monsters","torrington_monsters.png",80714,124,104,0,2,206,16,5,0,0,0,0,"#FCB713","#008249","#FCB713","#008249","#FFFFFF","#AAAAAA","#FCB713","#FCB713",0,""
125,"Orford","ORF","Orange Sox","orford_orange_sox.png",57588,125,104,0,0,206,27,5,0,0,0,0,"#EF4923","#5C0E67","#EF4923","#5C0E67","#FFFFFF","#AAAAAA","#EF4923","#EF4923",0,""
126,"Lisle","LIS","Killer Whales","lisle_killer_whales.png",45764,126,104,0,1,206,25,5,0,0,0,0,"#000000","#E6E6E6","#000000","#E6E6E6","#FFFFFF","#AAAAAA","#000000","#000000",0,""
127,"Reno","REN","Sun Sox","reno_sun_sox.png",66889,127,104,0,2,206,23,5,0,0,0,0,"#FF6600","#E6E6E6","#FF6600","#E6E6E6","#FFFFFF","#AAAAAA","#FF6600","#FF6600",0,""
128,"Toledo","TOL","Hitmen","toledo_hitmen.png",80442,128,104,0,1,206,29,5,0,0,0,0,"#233F94","#E41E2D","#233F94","#E41E2D","#FFFFFF","#AAAAAA","#233F94","#233F94",0,""
129,"Buffalo","BUF","Kernels","buffalo_kernels.png",12314,129,104,0,0,206,1,5,0,0,0,0,"#203468","#FCB713","#203468","#FCB713","#FFFFFF","#AAAAAA","#203468","#203468",0,""
130,"Richmond","RIC","Dawgs","richmond_dawgs.png",64151,130,104,0,0,206,6,5,0,0,0,0,"#00528D","#C49A6C","#00528D","#C49A6C","#FFFFFF","#AAAAAA","#00528D","#00528D",0,""
131,"Amarillo","AMA","Thieves","amarillo_thieves.png",2539,131,104,0,2,206,2,5,0,0,0,0,"#4D4D4F","#A1A9AD","#4D4D4F","#A1A9AD","#FFFFFF","#AAAAAA","#4D4D4F","#4D4D4F",0,""
132,"Dayton","DAY","Zips","dayton_zips.png",22234,132,104,0,1,206,26,5,0,0,0,0,"#6DAADC","#4D4D4F","#6DAADC","#4D4D4F","#FFFFFF","#AAAAAA","#6DAADC","#6DAADC",0,""
133,"Vincennes","VIN","Firebirds","vincennes_firebirds.png",83114,133,104,0,1,206,9,5,0,0,0,0,"#008249","#FCB713","#008249","#FCB713","#FFFFFF","#AAAAAA","#008249","#008249",0,""
134,"Weyauwega","WEY","Mercury","weyauwega_mercury.png",86484,134,104,0,2,206,14,5,0,0,0,0,"#4D4D4F","#A1A9AD","#4D4D4F","#A1A9AD","#FFFFFF","#AAAAAA","#4D4D4F","#4D4D4F",0,""
135,"Tacoma","TAC","Anglers","tacoma_anglers.png",77882,135,104,0,2,206,7,5,0,0,0,0,"#FFCC46","#000000","#FFCC46","#000000","#FFFFFF","#AAAAAA","#FFCC46","#FFCC46",0,""
136,"Santa Ana","SA","Aggies","santa_ana_aggies.png",70964,136,104,1,2,206,17,5,0,0,0,0,"#066CC6","#6EB7B6","#066CC6","#6EB7B6","#FFFFFF","#AAAAAA","#066CC6","#066CC6",0,""
137,"Medford","MED","Silver Wolves","medford_silver_wolves.png",90842,137,104,1,0,206,13,5,0,0,0,0,"#4D4D4F","#FCB713","#4D4D4F","#FCB713","#FFFFFF","#AAAAAA","#4D4D4F","#4D4D4F",0,""
138,"Rochester","ROC","Nordiques","rochester_nordiques.png",66478,138,104,1,0,206,10,5,0,0,0,0,"#CC202A","#233F94","#CC202A","#233F94","#FFFFFF","#AAAAAA","#CC202A","#CC202A",0,""
139,"Overland Park","OP","Gophers","overland_park_gophers.png",58136,139,104,1,1,206,19,5,0,0,0,0,"#998675","#6DAADC","#998675","#6DAADC","#FFFFFF","#AAAAAA","#998675","#998675",0,""
140,"Coral Hills","CH","Flyers","coral_hills_flyers.png",15007,140,104,1,0,206,18,5,0,0,0,0,"#0071BC","#FFCC00","#0071BC","#FFCC00","#FFFFFF","#AAAAAA","#0071BC","#0071BC",0,""
141,"Howard","HOW","Hornets","howard_hornets.png",32711,141,104,1,1,206,30,5,0,0,0,0,"#E41E2D","#233F94","#E41E2D","#233F94","#FFFFFF","#AAAAAA","#E41E2D","#E41E2D",0,""
142,"Huntington Beach","HB","Marauders","huntington_beach_marauders.png",33047,142,104,1,2,206,24,5,0,0,0,0,"#CC202A","#203468","#CC202A","#203468","#FFFFFF","#AAAAAA","#CC202A","#CC202A",0,""
143,"West Liberty","WL","Hawkeyes","west_liberty_hawkeyes.png",86322,143,104,1,1,206,11,5,0,0,0,0,"#0071BC","#E41E2D","#0071BC","#E41E2D","#FFFFFF","#AAAAAA","#0071BC","#0071BC",0,""
144,"Glen Ellyn","GE","Corsairs","glen_ellyn_corsairs.png",28689,144,104,1,0,206,5,5,0,0,0,0,"#005087","#ED2024","#005087","#ED2024","#FFFFFF","#AAAAAA","#005087","#005087",0,""
145,"San Bernardino","SB","River Hawks","san_bernardino_river_hawks.png",69824,145,104,1,2,206,28,5,0,0,0,0,"#4D4D4F","#FF6600","#4D4D4F","#FF6600","#FFFFFF","#AAAAAA","#4D4D4F","#4D4D4F",0,""
146,"Sunrise Manor","SM","Ironmen","sunrise_manor_ironmen.png",76957,146,104,1,2,206,21,5,0,0,0,0,"#4D4D4F","#EF4923","#4D4D4F","#EF4923","#FFFFFF","#AAAAAA","#4D4D4F","#4D4D4F",0,""
147,"Whitehouse","WHI","Cannons","whitehouse_cannons.png",85820,147,104,1,1,206,12,5,0,0,0,0,"#005087","#EBD357","#005087","#EBD357","#FFFFFF","#AAAAAA","#005087","#005087",0,""
148,"Cincinnati","CIN","Wild Dogs","cincinnati_wild_dogs.png",13776,148,104,1,0,206,3,5,0,0,0,0,"#CC202A","#A1A9AD","#CC202A","#A1A9AD","#FFFFFF","#AAAAAA","#CC202A","#CC202A",0,""
149,"Fremont","FRE","River Otters","fremont_river_otters.png",24811,149,104,1,2,206,20,5,0,0,0,0,"#791730","#D8C18D","#791730","#D8C18D","#FFFFFF","#AAAAAA","#791730","#791730",0,""
150,"Mobile","MOB","Oaks","mobile_oaks.png",50908,150,104,1,1,206,15,5,0,0,0,0,"#FF6600","#998675","#FF6600","#998675","#FFFFFF","#AAAAAA","#FF6600","#FF6600",0,""
151,"Raritan","RAR","Lake Monsters","raritan_lake_monsters.png",65091,151,105,0,0,206,9,6,0,0,0,0,"#005933","#6DAADC","#005933","#6DAADC","#FFFFFF","#AAAAAA","#005933","#005933",0,""
152,"Chula Vista","CV","Wolves","chula_vista_wolves.png",13641,152,105,0,2,206,5,6,0,0,0,0,"#A1A9AD","#000000","#A1A9AD","#000000","#FFFFFF","#AAAAAA","#A1A9AD","#A1A9AD",0,""
153,"Rancho Cucamonga","RC","Sun Dogs","rancho_cucamonga_sun_dogs.png",64993,153,105,0,2,206,24,6,0,0,0,0,"#791730","#FFE300","#791730","#FFE300","#FFFFFF","#AAAAAA","#791730","#791730",0,""
154,"Earlington","EAR","Condors","earlington_condors.png",24454,154,105,0,1,206,3,6,0,0,0,0,"#732B90","#939598","#732B90","#939598","#FFFFFF","#AAAAAA","#732B90","#732B90",0,""
155,"Magnolia","MAG","Gunners","magnolia_gunners.png",46753,155,105,0,1,206,25,6,0,0,0,0,"#D8C18D","#005933","#D8C18D","#005933","#FFFFFF","#AAAAAA","#D8C18D","#D8C18D",0,""
156,"Tulsa","TUL","Railers","tulsa_railers.png",81568,156,105,0,2,206,19,6,0,0,0,0,"#203468","#FF6600","#203468","#FF6600","#FFFFFF","#AAAAAA","#203468","#203468",0,""
157,"Norfolk","NOR","Gaels","norfolk_gaels.png",56019,157,105,0,0,206,29,6,0,0,0,0,"#D8C18D","#008249","#D8C18D","#008249","#FFFFFF","#AAAAAA","#D8C18D","#D8C18D",0,""
158,"Two Rivers","TR","Thunder","two_rivers_thunder.png",81831,158,105,0,1,206,18,6,0,0,0,0,"#203468","#FCB713","#203468","#FCB713","#FFFFFF","#AAAAAA","#203468","#203468",0,""
159,"Stockton","STO","Longhorns","stockton_longhorns.png",76301,159,105,0,1,206,2,6,0,0,0,0,"#203468","#E41E2D","#203468","#E41E2D","#FFFFFF","#AAAAAA","#203468","#203468",0,""
160,"Waterloo","WAT","Swordfish","waterloo_swordfish.png",85427,160,105,0,0,206,10,6,0,0,0,0,"#6DAADC","#000000","#6DAADC","#000000","#FFFFFF","#AAAAAA","#6DAADC","#6DAADC",0,""
161,"City View","CV","Moose","city_view_moose.png",13860,161,105,0,0,206,16,6,0,0,0,0,"#203468","#EF4923","#203468","#EF4923","#FFFFFF","#AAAAAA","#203468","#203468",0,""
162,"McFarland","MCF","49ers","mcfarland_49ers.png",46387,162,105,0,2,206,23,6,0,0,0,0,"#EF4923","#203468","#EF4923","#203468","#FFFFFF","#AAAAAA","#EF4923","#EF4923",0,""
163,"Woodbury","WOO","Jayhawks","woodbury_jayhawks.png",87218,163,105,0,0,206,17,6,0,0,0,0,"#016960","#A1A9AD","#016960","#A1A9AD","#FFFFFF","#AAAAAA","#016960","#016960",0,""
164,"Cheyenne","CHE","Black Bears","cheyenne_black_bears.png",13117,164,105,0,2,206,7,6,0,0,0,0,"#A1A9AD","#000000","#A1A9AD","#000000","#FFFFFF","#AAAAAA","#A1A9AD","#A1A9AD",0,""
165,"Malvern","MAL","Lone Stars","malvern_lone_stars.png",47387,165,105,0,1,206,11,6,0,0,0,0,"#EF4923","#203468","#EF4923","#203468","#FFFFFF","#AAAAAA","#EF4923","#EF4923",0,""
166,"Little Rock","LR","Cardinals","little_rock_cardinals.png",45830,166,105,1,1,206,1,6,0,0,0,0,"#ED2024","#1D76BB","#ED2024","#1D76BB","#FFFFFF","#AAAAAA","#ED2024","#ED2024",0,""
167,"Columbus","COL","Hooks","columbus_hooks.png",14616,167,105,1,0,206,12,6,0,0,0,0,"#A1A9AD","#233F94","#A1A9AD","#233F94","#FFFFFF","#AAAAAA","#A1A9AD","#A1A9AD",0,""
168,"Salt Lake City","SL","Sioux","salt_lake_city_sioux.png",69520,168,105,1,2,206,4,6,0,0,0,0,"#233F94","#D8C18D","#233F94","#D8C18D","#FFFFFF","#AAAAAA","#233F94","#233F94",0,""
169,"Estill Springs","ES","Warcats","estill_springs_warcats.png",24188,169,105,1,0,206,14,6,0,0,0,0,"#A1A9AD","#FF6600","#A1A9AD","#FF6600","#FFFFFF","#AAAAAA","#A1A9AD","#A1A9AD",0,""
170,"Irving","IRV","Grand Slam","irving_grand_slam.png",33714,170,105,1,1,206,20,6,0,0,0,0,"#D8C18D","#008249","#D8C18D","#008249","#FFFFFF","#AAAAAA","#D8C18D","#D8C18D",0,""
171,"Ganado","GAN","Naturals","ganado_naturals.png",27647,171,105,1,1,206,8,6,0,0,0,0,"#005933","#FCB713","#005933","#FCB713","#FFFFFF","#AAAAAA","#005933","#005933",0,""
172,"Harwood Heights","HH","Deputies","harwood_heights_deputies.png",30856,172,105,1,0,206,28,6,0,0,0,0,"#DFBB02","#662D91","#DFBB02","#662D91","#FFFFFF","#AAAAAA","#DFBB02","#DFBB02",0,""
173,"Elkhorn","ELK","Tyrants","elkhorn_tyrants.png",23416,173,105,1,1,206,21,6,0,0,0,0,"#CC202A","#203468","#CC202A","#203468","#FFFFFF","#AAAAAA","#CC202A","#CC202A",0,""
174,"Hesperia","HES","Crush","hesperia_crush.png",31600,174,105,1,2,206,13,6,0,0,0,0,"#1D76BB","#ED2024","#1D76BB","#ED2024","#FFFFFF","#AAAAAA","#1D76BB","#1D76BB",0,""
175,"Hooper","HOO","Giants","hooper_giants.png",32471,175,105,1,2,206,22,6,0,0,0,0,"#FCB713","#016960","#FCB713","#016960","#FFFFFF","#AAAAAA","#FCB713","#FCB713",0,""
176,"San Andreas","SA","White Wings","san_andreas_white_wings.png",69741,176,105,1,2,206,30,6,0,0,0,0,"#CC202A","#233F94","#CC202A","#233F94","#FFFFFF","#AAAAAA","#CC202A","#CC202A",0,""
177,"Deal","DEA","Villans","deal_villans.png",22291,177,105,1,0,206,6,6,0,0,0,0,"#E41E2D","#A1A9AD","#E41E2D","#A1A9AD","#FFFFFF","#AAAAAA","#E41E2D","#E41E2D",0,""
178,"Moreno Valley","MV","Seadogs","moreno_valley_seadogs.png",51822,178,105,1,2,206,15,6,0,0,0,0,"#6DAADC","#233F94","#6DAADC","#233F94","#FFFFFF","#AAAAAA","#6DAADC","#6DAADC",0,""
179,"Newport","NEW","Gunslingers","newport_gunslingers.png",55305,179,105,1,1,206,26,6,0,0,0,0,"#A1A9AD","#0071BC","#A1A9AD","#0071BC","#FFFFFF","#AAAAAA","#A1A9AD","#A1A9AD",0,""
180,"Glenmoor","GLE","Express","glenmoor_express.png",28722,180,105,1,0,206,27,6,0,0,0,0,"#A1A9AD","#4D4D4F","#A1A9AD","#4D4D4F","#FFFFFF","#AAAAAA","#A1A9AD","#A1A9AD",0,""
181,"Sub League 1","SL1","All-Stars","sub_league_1_all-stars.png",0,10,100,0,0,0,0,1,0,0,0,0,"#9B0101","#000000","#ED1C24","#066CC6","#FFFFFF","#AAAAAA","#ED1C24","#ED1C24",1,""
182,"Sub League 2","SL2","All-Stars","sub_league_2_all-stars.png",0,25,100,1,0,0,0,1,0,0,0,0,"#1E1E9E","#F0F0F0","#ED1C24","#066CC6","#FFFFFF","#AAAAAA","#ED1C24","#ED1C24",1,""
183,"Sub League 1","SL1","All-Stars","sub_league_1_all-stars.png",0,37,101,0,0,0,0,2,0,0,0,0,"#9B0101","#000000","#9B0101","#000000","#9B0101","#9B0101","#000000","#000000",1,""
184,"Sub League 2","SL2","All-Stars","sub_league_2_all-stars.png",0,53,101,1,0,0,0,2,0,0,0,0,"#1E1E9E","#F0F0F0","#1E1E9E","#F0F0F0","#1E1E9E","#1E1E9E","#F0F0F0","#F0F0F0",1,""
185,"Sub League 1","SL1","All-Stars","sub_league_1_all-stars.png",0,70,102,0,0,0,0,3,0,0,0,0,"#9B0101","#000000","#9B0101","#000000","#9B0101","#9B0101","#000000","#000000",1,""
186,"Sub League 2","SL2","All-Stars","sub_league_2_all-stars.png",0,79,102,1,0,0,0,3,0,0,0,0,"#1E1E9E","#F0F0F0","#1E1E9E","#F0F0F0","#1E1E9E","#1E1E9E","#F0F0F0","#F0F0F0",1,""
187,"Sub League 1","SL1","All-Stars","sub_league_1_all-stars.png",0,105,103,0,0,0,0,4,0,0,0,0,"#9B0101","#000000","#9B0101","#9B0101","#9B0101","#9B0101","#000000","#000000",1,""
188,"Sub League 2","SL2","All-Stars","sub_league_2_all-stars.png",0,116,103,1,0,0,0,4,0,0,0,0,"#1E1E9E","#F0F0F0","#1E1E9E","#F0F0F0","#1E1E9E","#1E1E9E","#F0F0F0","#F0F0F0",1,""
189,"Sub League 1","SL1","All-Stars","sub_league_1_all-stars.png",0,129,104,0,0,0,0,5,0,0,0,0,"#9B0101","#000000","#9B0101","#000000","#9B0101","#9B0101","#000000","#000000",1,""
190,"Sub League 2","SL2","All-Stars","sub_league_2_all-stars.png",0,139,104,1,0,0,0,5,0,0,0,0,"#1E1E9E","#F0F0F0","#1E1E9E","#F0F0F0","#1E1E9E","#1E1E9E","#F0F0F0","#F0F0F0",1,""
191,"Sub League 1","SL1","All-Stars","sub_league_1_all-stars.png",0,160,105,0,0,0,0,6,0,0,0,0,"#9B0101","#000000","#9B0101","#000000","#9B0101","#9B0101","#000000","#000000",1,""
192,"Sub League 2","SL2","All-Stars","sub_league_2_all-stars.png",0,167,105,1,0,0,0,6,0,0,0,0,"#1E1E9E","#F0F0F0","#1E1E9E","#F0F0F0","#1E1E9E","#1E1E9E","#F0F0F0","#F0F0F0",1,""
193,"Oakland HS","OAK","Quakers","oakland_hs_quakers.png",56459,182,106,0,1,206,0,11,0,0,0,0,"#A10D0D","#FFEA01","#A10D0D","#FFEA01","#A10D0D","#A10D0D","#FFEA01","#FFEA01",0,""
194,"Lincoln HS","LIN","Buccaneers","lincoln_hs_buccaneers.png",45562,183,106,0,1,206,0,11,0,0,0,0,"#FFC001","#B50514","#FFC001","#B50514","#FFC001","#FFC001","#B50514","#B50514",0,""
195,"Brooklyn HS","BRO","Keys","brooklyn_hs_keys.png",12985,184,106,0,0,206,0,11,0,0,0,0,"#A10D0D","#000000","#A10D0D","#000000","#A10D0D","#A10D0D","#000000","#000000",0,""
196,"Los Angeles HS","LA","Frozen Ropes","los_angeles_hs_frozen_ropes.png",41955,185,106,0,1,206,0,11,0,0,0,0,"#A60003","#1E1E9E","#A60003","#1E1E9E","#A60003","#A60003","#1E1E9E","#1E1E9E",0,""
197,"Boston HS","BOS","Senators","boston_hs_senators.png",10948,186,106,0,0,206,0,11,0,0,0,0,"#171775","#C0C0C0","#171775","#C0C0C0","#171775","#171775","#C0C0C0","#C0C0C0",0,""
198,"Honolulu HS","HON","Tarpons","honolulu_hs_tarpons.png",32457,187,106,0,1,206,0,11,0,0,0,0,"#B50514","#171775","#B50514","#B50514","#B50514","#B50514","#171775","#171775",0,""
199,"New York HS","NY","Bluebirds","new_york_hs_bluebirds.png",55211,188,106,0,0,206,0,11,0,0,0,0,"#171775","#FFD700","#171775","#FFD700","#171775","#171775","#FFD700","#FFD700",0,""
200,"Kansas City HS","KC","Silverbacks","kansas_city_hs_silverbacks.png",36925,189,106,0,1,206,0,11,0,0,0,0,"#C0C0C0","#B50514","#C0C0C0","#B50514","#C0C0C0","#C0C0C0","#B50514","#B50514",0,""
201,"Chicago HS","CHI","Pilots","chicago_hs_pilots.png",13181,190,106,0,0,206,0,11,0,0,0,0,"#560F73","#000000","#560F73","#000000","#560F73","#560F73","#000000","#000000",0,""
202,"Akron HS","AKR","Tribe","akron_hs_tribe.png",849,191,106,0,0,206,0,11,0,0,0,0,"#FFD700","#155918","#FFD700","#155918","#FFD700","#FFD700","#155918","#155918",0,""
203,"Nashville HS","NAS","Astronauts","nashville_hs_astronauts.png",54298,192,106,0,0,206,0,11,0,0,0,0,"#FFEA01","#1E1E9E","#FFEA01","#1E1E9E","#FFEA01","#FFEA01","#1E1E9E","#1E1E9E",0,""
204,"Madison HS","MAD","Swordfish","madison_hs_swordfish.png",46552,193,106,0,1,206,0,11,0,0,0,0,"#FFC001","#008253","#FFC001","#008253","#FFC001","#FFC001","#008253","#008253",0,""
205,"Jersey City HS","JC","Outlaws","jersey_city_hs_outlaws.png",35278,194,106,0,0,206,0,11,0,0,0,0,"#FFC001","#000000","#FFC001","#000000","#FFC001","#FFC001","#000000","#000000",0,""
206,"Indianapolis HS","IND","River Hawks","indianapolis_hs_river_hawks.png",34491,195,106,0,0,206,0,11,0,0,0,0,"#560F73","#32939C","#560F73","#32939C","#560F73","#560F73","#32939C","#32939C",0,""
207,"Austin HS","AUS","Sioux","austin_hs_sioux.png",4992,196,106,0,1,206,0,11,0,0,0,0,"#FFD700","#1E1E9E","#FFD700","#1E1E9E","#FFD700","#FFD700","#1E1E9E","#1E1E9E",0,""
208,"Salem HS","SAL","Griffons","salem_hs_griffons.png",69393,197,106,0,1,206,0,11,0,0,0,0,"#560F73","#000000","#560F73","#000000","#560F73","#560F73","#000000","#000000",0,""
209,"Washington HS","WAS","Rawhide","washington_hs_rawhide.png",87845,198,106,0,0,206,0,11,0,0,0,0,"#FFC001","#008253","#FFC001","#008253","#FFC001","#FFC001","#008253","#008253",0,""
210,"Virginia Beach HS","VB","Lightning","virginia_beach_hs_lightning.png",83019,199,106,0,0,206,0,11,0,0,0,0,"#171775","#C0C0C0","#171775","#C0C0C0","#171775","#171775","#C0C0C0","#C0C0C0",0,""
211,"San Antonio HS","SA","Stallions","san_antonio_hs_stallions.png",69776,200,106,0,1,206,0,11,0,0,0,0,"#20D0C6","#000000","#20D0C6","#000000","#20D0C6","#20D0C6","#000000","#000000",0,""
212,"Atlanta HS","ATL","Mohawks","atlanta_hs_mohawks.png",4704,201,106,0,0,206,0,11,0,0,0,0,"#1A347E","#32939C","#1A347E","#32939C","#1A347E","#1A347E","#32939C","#32939C",0,""
213,"Birmingham HS","BIR","Night Train","birmingham_hs_night_train.png",9691,202,106,0,0,206,0,11,0,0,0,0,"#9B0101","#000000","#9B0101","#000000","#9B0101","#9B0101","#000000","#000000",0,""
214,"Aurora HS","AUR","Rockets","aurora_hs_rockets.png",4975,203,106,0,1,206,0,11,0,0,0,0,"#9B0101","#000000","#9B0101","#000000","#9B0101","#9B0101","#000000","#000000",0,""
215,"Portland HS","POR","89ers","portland_hs_89ers.png",60505,204,106,0,1,206,0,11,0,0,0,0,"#053C70","#FFEA01","#053C70","#FFEA01","#053C70","#053C70","#FFEA01","#FFEA01",0,""
216,"Chattanooga HS","CHA","Millers","chattanooga_hs_millers.png",19029,205,106,0,0,206,0,11,0,0,0,0,"#C0C0C0","#171775","#C0C0C0","#C0C0C0","#C0C0C0","#C0C0C0","#171775","#171775",0,""
217,"Pasadena HS","PAS","Brigands","pasadena_hs_brigands.png",63014,206,106,0,1,206,0,11,0,0,0,0,"#008253","#C0C0C0","#008253","#008253","#008253","#008253","#C0C0C0","#C0C0C0",0,""
218,"Baltimore HS","BAL","Flying Squirrels","baltimore_hs_flying_squirrels.png",6650,207,106,0,0,206,0,11,0,0,0,0,"#053C70","#FFD700","#053C70","#FFD700","#053C70","#053C70","#FFD700","#FFD700",0,""
219,"Fayetteville HS","FAY","Sting","fayetteville_hs_sting.png",25324,208,106,0,0,206,0,11,0,0,0,0,"#FFD700","#155918","#FFD700","#155918","#FFD700","#FFD700","#155918","#155918",0,""
220,"Corona HS","COR","Men-O-War","corona_hs_men-o-war.png",15159,209,106,0,1,206,0,11,0,0,0,0,"#B50514","#FFEA01","#B50514","#FFEA01","#B50514","#B50514","#FFEA01","#FFEA01",0,""
221,"Fontana HS","FON","Sky Sox","fontana_hs_sky_sox.png",25955,210,106,0,1,206,0,11,0,0,0,0,"#1E1E9E","#C0C0C0","#1E1E9E","#C0C0C0","#1E1E9E","#1E1E9E","#C0C0C0","#C0C0C0",0,""
222,"Detroit HS","DET","Red Aces","detroit_hs_red_aces.png",20315,211,106,0,0,206,0,11,0,0,0,0,"#A10D0D","#000000","#A10D0D","#000000","#A10D0D","#A10D0D","#000000","#000000",0,""
223,"Los Angeles HS","LA","Barnstormers","los_angeles_hs_barnstormers.png",41955,212,106,0,1,206,0,11,0,0,0,0,"#171775","#F0F0F0","#171775","#F0F0F0","#171775","#171775","#F0F0F0","#F0F0F0",0,""
224,"Kansas City HS","KC","Seahawks","kansas_city_hs_seahawks.png",36924,213,106,0,1,206,0,11,0,0,0,0,"#32939C","#000000","#32939C","#000000","#32939C","#32939C","#000000","#000000",0,""
225,"Nashville HS","NAS","Silver Stars","nashville_hs_silver_stars.png",54298,214,106,1,0,206,0,11,0,0,0,0,"#C0C0C0","#171775","#C0C0C0","#171775","#C0C0C0","#C0C0C0","#171775","#171775",0,""
226,"St. Louis HS","SL","Bay Hawks","st_louis_hs_bay_hawks.png",69095,215,106,1,0,206,0,11,0,0,0,0,"#000000","#C0C0C0","#000000","#C0C0C0","#000000","#000000","#C0C0C0","#C0C0C0",0,""
227,"El Paso HS","EP","Anglers","el_paso_hs_anglers.png",23176,216,106,1,1,206,0,11,0,0,0,0,"#A60003","#F0F0F0","#A60003","#F0F0F0","#A60003","#A60003","#F0F0F0","#F0F0F0",0,""
228,"Pomona HS","POM","Beacons","pomona_hs_beacons.png",60093,217,106,1,1,206,0,11,0,0,0,0,"#F37A03","#1E1E9E","#F37A03","#1E1E9E","#F37A03","#F37A03","#1E1E9E","#1E1E9E",0,""
229,"Pasadena HS","PAS","Shorebirds","pasadena_hs_shorebirds.png",63015,218,106,1,0,206,0,11,0,0,0,0,"#20D0C6","#000000","#20D0C6","#000000","#20D0C6","#20D0C6","#000000","#000000",0,""
230,"Arlington HS","ARL","Apple Sox","arlington_hs_apple_sox.png",4076,219,106,1,1,206,0,11,0,0,0,0,"#20D0C6","#000000","#20D0C6","#000000","#20D0C6","#20D0C6","#000000","#000000",0,""
231,"Birmingham HS","BIR","Velocity","birmingham_hs_velocity.png",9691,220,106,1,0,206,0,11,0,0,0,0,"#053C70","#FFEA01","#053C70","#FFEA01","#053C70","#053C70","#FFEA01","#FFEA01",0,""
232,"San Diego HS","SD","Judges","san_diego_hs_judges.png",69896,221,106,1,1,206,0,11,0,0,0,0,"#A10D0D","#171775","#A10D0D","#171775","#A10D0D","#A10D0D","#171775","#171775",0,""
233,"Riverside HS","RIV","Crunch","riverside_hs_crunch.png",66644,222,106,1,1,206,0,11,0,0,0,0,"#20D0C6","#1E1E9E","#20D0C6","#1E1E9E","#20D0C6","#20D0C6","#1E1E9E","#1E1E9E",0,""
234,"Tallahassee HS","TAL","Crocs","tallahassee_hs_crocs.png",78226,223,106,1,0,206,0,11,0,0,0,0,"#FFC001","#008253","#FFC001","#008253","#FFC001","#FFC001","#008253","#008253",0,""
235,"Escondido HS","ESC","Thieves","escondido_hs_thieves.png",24017,224,106,1,1,206,0,11,0,0,0,0,"#171775","#F37A03","#171775","#F37A03","#171775","#171775","#F37A03","#F37A03",0,""
236,"New Haven HS","NH","Tornado","new_haven_hs_tornado.png",55107,225,106,1,0,206,0,11,0,0,0,0,"#1E1E9E","#20D0C6","#1E1E9E","#20D0C6","#1E1E9E","#1E1E9E","#20D0C6","#20D0C6",0,""
237,"Alexandria HS","ALE","Highlanders","alexandria_hs_highlanders.png",1527,226,106,1,0,206,0,11,0,0,0,0,"#171775","#9B0101","#171775","#9B0101","#171775","#171775","#9B0101","#9B0101",0,""
238,"Naperville HS","NAP","Big Stick","naperville_hs_big_stick.png",54173,227,106,1,0,206,0,11,0,0,0,0,"#008253","#C0C0C0","#008253","#C0C0C0","#008253","#008253","#C0C0C0","#C0C0C0",0,""
239,"Coral Springs HS","CS","Veterans","coral_springs_hs_veterans.png",15008,228,106,1,0,206,0,11,0,0,0,0,"#32939C","#1E1E9E","#32939C","#1E1E9E","#32939C","#32939C","#1E1E9E","#1E1E9E",0,""
240,"Santa Ana HS","SA","Black Gold","santa_ana_hs_black_gold.png",70964,229,106,1,1,206,0,11,0,0,0,0,"#000000","#F0F0F0","#000000","#F0F0F0","#000000","#000000","#F0F0F0","#F0F0F0",0,""
241,"Joliet HS","JOL","Bass","joliet_hs_bass.png",35587,230,106,1,0,206,0,11,0,0,0,0,"#171775","#20D0C6","#171775","#20D0C6","#171775","#171775","#20D0C6","#20D0C6",0,""
242,"Savannah HS","SAV","Swamp Foxes","savannah_hs_swamp_foxes.png",71889,231,106,1,0,206,0,11,0,0,0,0,"#32939C","#F0F0F0","#32939C","#F0F0F0","#32939C","#32939C","#F0F0F0","#F0F0F0",0,""
243,"Springfield HS","SPR","Mounties","springfield_hs_mounties.png",75711,232,106,1,0,206,0,11,0,0,0,0,"#155918","#F0F0F0","#155918","#F0F0F0","#155918","#155918","#F0F0F0","#F0F0F0",0,""
244,"Sterling Heights HS","SH","Rays","sterling_heights_hs_rays.png",76213,233,106,1,0,206,0,11,0,0,0,0,"#155918","#FFD700","#155918","#FFD700","#155918","#155918","#FFD700","#FFD700",0,""
245,"San Diego HS","SD","Tyrants","san_diego_hs_tyrants.png",69896,234,106,1,1,206,0,11,0,0,0,0,"#1E1E9E","#F0F0F0","#1E1E9E","#F0F0F0","#1E1E9E","#1E1E9E","#F0F0F0","#F0F0F0",0,""
246,"Omaha HS","OMA","Tiger Sharks","omaha_hs_tiger_sharks.png",57291,235,106,1,1,206,0,11,0,0,0,0,"#FFEA01","#000000","#FFEA01","#000000","#FFEA01","#FFEA01","#000000","#000000",0,""
247,"Hialeah HS","HIA","Sailors","hialeah_hs_sailors.png",31718,236,106,1,0,206,0,11,0,0,0,0,"#32939C","#F0F0F0","#32939C","#F0F0F0","#32939C","#32939C","#F0F0F0","#F0F0F0",0,""
248,"East Los Angeles HS","EL","Silver Sabres","east_los_angeles_hs_silver_sabres.png",22487,237,106,1,1,206,0,11,0,0,0,0,"#C0C0C0","#000000","#C0C0C0","#000000","#C0C0C0","#C0C0C0","#000000","#000000",0,""
249,"Concord HS","CON","Phantoms","concord_hs_phantoms.png",14789,238,106,1,1,206,0,11,0,0,0,0,"#171775","#F0F0F0","#171775","#F0F0F0","#171775","#171775","#F0F0F0","#F0F0F0",0,""
250,"Chandler HS","CHA","Jammers","chandler_hs_jammers.png",18763,239,106,1,1,206,0,11,0,0,0,0,"#1A347E","#20D0C6","#1A347E","#20D0C6","#1A347E","#1A347E","#20D0C6","#20D0C6",0,""
251,"Peoria HS","PEO","Riptide","peoria_hs_riptide.png",63646,240,106,1,1,206,0,11,0,0,0,0,"#F37A03","#1E1E9E","#F37A03","#1E1E9E","#F37A03","#F37A03","#1E1E9E","#1E1E9E",0,""
252,"Atlanta HS","ATL","Blue Sox","atlanta_hs_blue_sox.png",4704,241,106,1,0,206,0,11,0,0,0,0,"#171775","#F37A03","#171775","#F37A03","#171775","#171775","#F37A03","#F37A03",0,""
253,"Mesquite HS","MES","Marlins","mesquite_hs_marlins.png",49832,242,106,1,1,206,0,11,0,0,0,0,"#32939C","#FFC001","#32939C","#FFC001","#32939C","#32939C","#FFC001","#FFC001",0,""
254,"Pembroke Pines HS","PP","Counts","pembroke_pines_hs_counts.png",63535,243,106,1,0,206,0,11,0,0,0,0,"#1E1E9E","#20D0C6","#1E1E9E","#20D0C6","#1E1E9E","#1E1E9E","#20D0C6","#20D0C6",0,""
255,"Dallas HS","DAL","Fusion","dallas_hs_fusion.png",21777,244,106,1,1,206,0,11,0,0,0,0,"#C0C0C0","#560F73","#C0C0C0","#560F73","#C0C0C0","#C0C0C0","#560F73","#560F73",0,""
256,"Santa Rosa HS","SR","Renegades","santa_rosa_hs_renegades.png",71263,245,106,1,1,206,0,11,0,0,0,0,"#171775","#FFD700","#171775","#FFD700","#171775","#171775","#FFD700","#FFD700",0,""
257,"Ft. Collins HS","FC","Foxes","ft_collins_hs_foxes.png",25224,246,107,0,1,206,0,11,0,0,0,0,"#008253","#FFD700","#008253","#FFD700","#008253","#008253","#FFD700","#FFD700",0,""
258,"Kansas City HS","KC","Scarlet Knights","kansas_city_hs_scarlet_knights.png",36925,247,107,0,0,206,0,11,0,0,0,0,"#000000","#FFEA01","#000000","#FFEA01","#000000","#000000","#FFEA01","#FFEA01",0,""
259,"Vancouver HS","VAN","Arsenal","vancouver_hs_arsenal.png",84103,248,107,0,1,206,0,11,0,0,0,0,"#FFC001","#155918","#FFC001","#FFC001","#FFC001","#FFC001","#155918","#155918",0,""
260,"Los Angeles HS","LA","Impact","los_angeles_hs_impact.png",41955,249,107,0,1,206,0,11,0,0,0,0,"#008253","#FFEA01","#008253","#FFEA01","#008253","#008253","#FFEA01","#FFEA01",0,""
261,"Long Beach HS","LB","Canucks","long_beach_hs_canucks.png",41750,250,107,0,1,206,0,11,0,0,0,0,"#171775","#C0C0C0","#171775","#C0C0C0","#171775","#171775","#C0C0C0","#C0C0C0",0,""
262,"Cleveland HS","CLE","Wolverines","cleveland_hs_wolverines.png",14082,251,107,0,0,206,0,11,0,0,0,0,"#171775","#32939C","#171775","#32939C","#171775","#171775","#32939C","#32939C",0,""
263,"Syracuse HS","SYR","Catbirds","syracuse_hs_catbirds.png",77297,252,107,0,0,206,0,11,0,0,0,0,"#32939C","#000000","#32939C","#000000","#32939C","#32939C","#000000","#000000",0,""
264,"Palmdale HS","PAL","Unicorns","palmdale_hs_unicorns.png",62344,253,107,0,1,206,0,11,0,0,0,0,"#C0C0C0","#B50514","#C0C0C0","#B50514","#C0C0C0","#C0C0C0","#B50514","#B50514",0,""
265,"Portland HS","POR","White Sox","portland_hs_white_sox.png",60505,254,107,0,1,206,0,11,0,0,0,0,"#F0F0F0","#560F73","#F0F0F0","#560F73","#F0F0F0","#F0F0F0","#560F73","#560F73",0,""
266,"El Monte HS","EM","Padres","el_monte_hs_padres.png",23150,255,107,0,1,206,0,11,0,0,0,0,"#A60003","#1A347E","#A60003","#1A347E","#A60003","#A60003","#1A347E","#1A347E",0,""
267,"Rockford HS","ROC","Oil Barons","rockford_hs_oil_barons.png",66441,256,107,0,0,206,0,11,0,0,0,0,"#A10D0D","#C0C0C0","#A10D0D","#C0C0C0","#A10D0D","#A10D0D","#C0C0C0","#C0C0C0",0,""
268,"Eugene HS","EUG","Raptors","eugene_hs_raptors.png",24267,257,107,0,1,206,0,11,0,0,0,0,"#053C70","#FFC001","#053C70","#FFC001","#053C70","#053C70","#FFC001","#FFC001",0,""
269,"Warren HS","WAR","Valiants","warren_hs_valiants.png",87765,258,107,0,0,206,0,11,0,0,0,0,"#20D0C6","#FFEA01","#20D0C6","#FFEA01","#20D0C6","#20D0C6","#FFEA01","#FFEA01",0,""
270,"Sunnyvale HS","SUN","Swordsmen","sunnyvale_hs_swordsmen.png",76953,259,107,0,1,206,0,11,0,0,0,0,"#C0C0C0","#9B0101","#C0C0C0","#9B0101","#C0C0C0","#C0C0C0","#9B0101","#9B0101",0,""
271,"Medford HS","MED","Checkers","medford_hs_checkers.png",90842,260,107,0,0,206,0,11,0,0,0,0,"#C0C0C0","#008253","#C0C0C0","#008253","#C0C0C0","#C0C0C0","#008253","#008253",0,""
272,"Ontario HS","ONT","Jesters","ontario_hs_jesters.png",57383,261,107,0,1,206,0,11,0,0,0,0,"#A10D0D","#1A347E","#A10D0D","#1A347E","#A10D0D","#A10D0D","#1A347E","#1A347E",0,""
273,"New York HS","NY","Skeeters","new_york_hs_skeeters.png",55211,262,107,0,0,206,0,11,0,0,0,0,"#9B0101","#000000","#9B0101","#000000","#9B0101","#9B0101","#000000","#000000",0,""
274,"Lancaster HS","LAN","Thunder Bats","lancaster_hs_thunder_bats.png",43525,263,107,0,1,206,0,11,0,0,0,0,"#A10D0D","#F0F0F0","#A10D0D","#F0F0F0","#A10D0D","#A10D0D","#F0F0F0","#F0F0F0",0,""
275,"Raleigh HS","RAL","Alleycats","raleigh_hs_alleycats.png",64894,264,107,0,0,206,0,11,0,0,0,0,"#1E1E9E","#32939C","#1E1E9E","#32939C","#1E1E9E","#1E1E9E","#32939C","#32939C",0,""
276,"Miami HS","MIA","Oil Kings","miami_hs_oil_kings.png",50031,265,107,0,0,206,0,11,0,0,0,0,"#FFC001","#155918","#FFC001","#155918","#FFC001","#FFC001","#155918","#155918",0,""
277,"San Jose HS","SJ","Seafarers","san_jose_hs_seafarers.png",70210,266,107,0,1,206,0,11,0,0,0,0,"#20D0C6","#000000","#20D0C6","#000000","#20D0C6","#20D0C6","#000000","#000000",0,""
278,"Philadelphia HS","PHI","Tyrants","philadelphia_hs_tyrants.png",58713,267,107,0,0,206,0,11,0,0,0,0,"#32939C","#FFEA01","#32939C","#FFEA01","#32939C","#32939C","#FFEA01","#FFEA01",0,""
279,"Orange HS","ORA","Cannoneers","orange_hs_cannoneers.png",57495,268,107,0,1,206,0,11,0,0,0,0,"#171775","#20D0C6","#171775","#20D0C6","#171775","#171775","#20D0C6","#20D0C6",0,""
280,"Indianapolis HS","IND","Saxons","indianapolis_hs_saxons.png",34491,269,107,0,0,206,0,11,0,0,0,0,"#B50514","#F0F0F0","#B50514","#F0F0F0","#B50514","#B50514","#F0F0F0","#F0F0F0",0,""
281,"Laredo HS","LAR","Black Knights","laredo_hs_black_knights.png",43842,270,107,0,0,206,0,11,0,0,0,0,"#000000","#F0F0F0","#000000","#F0F0F0","#000000","#000000","#F0F0F0","#F0F0F0",0,""
282,"St. Paul HS","SP","Nuts","st_paul_hs_nuts.png",69127,271,107,0,0,206,0,11,0,0,0,0,"#008253","#FFC001","#008253","#FFC001","#008253","#008253","#FFC001","#FFC001",0,""
283,"Jacksonville HS","JAC","Railsplitters","jacksonville_hs_railsplitters.png",34776,272,107,0,0,206,0,11,0,0,0,0,"#008253","#FFEA01","#008253","#FFEA01","#008253","#008253","#FFEA01","#FFEA01",0,""
284,"Cincinnati HS","CIN","Blue Devils","cincinnati_hs_blue_devils.png",13776,273,107,0,0,206,0,11,0,0,0,0,"#1A347E","#FFD700","#1A347E","#FFD700","#1A347E","#1A347E","#FFD700","#FFD700",0,""
285,"St. Petersburg HS","SP","Tritons","st_petersburg_hs_tritons.png",69137,274,107,0,0,206,0,11,0,0,0,0,"#32939C","#000000","#32939C","#000000","#32939C","#32939C","#000000","#000000",0,""
286,"Anchorage HS","ANC","Armada","anchorage_hs_armada.png",2891,275,107,0,1,206,0,11,0,0,0,0,"#C0C0C0","#171775","#C0C0C0","#171775","#C0C0C0","#C0C0C0","#171775","#171775",0,""
287,"Bakersfield HS","BAK","Fighting Falcons","bakersfield_hs_fighting_falcons.png",6327,276,107,0,1,206,0,11,0,0,0,0,"#155918","#FFEA01","#155918","#FFEA01","#155918","#155918","#FFEA01","#FFEA01",0,""
288,"Anaheim HS","ANA","Thieves","anaheim_hs_thieves.png",2845,277,107,0,1,206,0,11,0,0,0,0,"#171775","#F0F0F0","#171775","#F0F0F0","#171775","#171775","#F0F0F0","#F0F0F0",0,""
289,"Cape Coral HS","CC","Timber Rattlers","cape_coral_hs_timber_rattlers.png",17239,278,107,1,0,206,0,11,0,0,0,0,"#32939C","#FFEA01","#32939C","#FFEA01","#32939C","#32939C","#FFEA01","#FFEA01",0,""
290,"Los Angeles HS","LA","Green Dragons","los_angeles_hs_green_dragons.png",41955,279,107,1,1,206,0,11,0,0,0,0,"#008253","#F0F0F0","#008253","#F0F0F0","#008253","#008253","#F0F0F0","#F0F0F0",0,""
291,"Milwaukee HS","MIL","Stone Crabs","milwaukee_hs_stone_crabs.png",50428,280,107,1,1,206,0,11,0,0,0,0,"#FFD700","#1E1E9E","#FFD700","#1E1E9E","#FFD700","#FFD700","#1E1E9E","#1E1E9E",0,""
292,"Newark HS","NEW","Mountaineers","newark_hs_mountaineers.png",55218,281,107,1,0,206,0,11,0,0,0,0,"#1E1E9E","#C0C0C0","#1E1E9E","#C0C0C0","#1E1E9E","#1E1E9E","#C0C0C0","#C0C0C0",0,""
293,"Thousand Oaks HS","TO","Leafs","thousand_oaks_hs_leafs.png",79767,282,107,1,1,206,0,11,0,0,0,0,"#32939C","#000000","#32939C","#000000","#32939C","#32939C","#000000","#000000",0,""
294,"Paterson HS","PAT","Polar Bears","paterson_hs_polar_bears.png",63118,283,107,1,0,206,0,11,0,0,0,0,"#A10D0D","#171775","#A10D0D","#171775","#A10D0D","#A10D0D","#171775","#171775",0,""
295,"Washington HS","WAS","Red Raiders","washington_hs_red_raiders.png",87845,284,107,1,0,206,0,11,0,0,0,0,"#A10D0D","#F0F0F0","#A10D0D","#F0F0F0","#A10D0D","#A10D0D","#F0F0F0","#F0F0F0",0,""
296,"Minneapolis HS","MIN","Blue Sox","minneapolis_hs_blue_sox.png",50536,285,107,1,1,206,0,11,0,0,0,0,"#171775","#9B0101","#171775","#9B0101","#171775","#171775","#9B0101","#9B0101",0,""
297,"Milwaukee HS","MIL","Bay Hawks","milwaukee_hs_bay_hawks.png",50428,286,107,1,0,206,0,11,0,0,0,0,"#FFC001","#171775","#FFC001","#171775","#FFC001","#FFC001","#171775","#171775",0,""
298,"Rochester HS","ROC","Beach Boys","rochester_hs_beach_boys.png",66478,287,107,1,0,206,0,11,0,0,0,0,"#A60003","#F0F0F0","#A60003","#F0F0F0","#A60003","#A60003","#F0F0F0","#F0F0F0",0,""
299,"Ft. Lauderdale HS","FL","Potros","ft_lauderdale_hs_potros.png",25202,288,107,1,0,206,0,11,0,0,0,0,"#171775","#32939C","#171775","#32939C","#171775","#171775","#32939C","#32939C",0,""
300,"Gainesville HS","GAI","Commodores","gainesville_hs_commodores.png",27490,289,107,1,0,206,0,11,0,0,0,0,"#008253","#FFEA01","#008253","#FFEA01","#008253","#008253","#FFEA01","#FFEA01",0,""
301,"Austin HS","AUS","Nightowls","austin_hs_nightowls.png",4992,290,107,1,1,206,0,11,0,0,0,0,"#171775","#F0F0F0","#171775","#F0F0F0","#171775","#171775","#F0F0F0","#F0F0F0",0,""
302,"Rochester HS","ROC","Bruins","rochester_hs_bruins.png",66478,291,107,1,0,206,0,11,0,0,0,0,"#FFD700","#155918","#FFD700","#155918","#FFD700","#FFD700","#155918","#155918",0,""
303,"Paradise HS","PAR","Parrots","paradise_hs_parrots.png",62752,292,107,1,1,206,0,11,0,0,0,0,"#171775","#32939C","#171775","#32939C","#171775","#171775","#32939C","#32939C",0,""
304,"Lubbock HS","LUB","Mud Cats","lubbock_hs_mud_cats.png",41565,293,107,1,1,206,0,11,0,0,0,0,"#B50514","#000000","#B50514","#000000","#B50514","#B50514","#000000","#000000",0,""
305,"Las Vegas HS","LV","Keystones","las_vegas_hs_keystones.png",43942,294,107,1,1,206,0,11,0,0,0,0,"#171775","#9B0101","#171775","#9B0101","#171775","#171775","#9B0101","#9B0101",0,""
306,"Akron HS","AKR","Stars","akron_hs_stars.png",849,295,107,1,0,206,0,11,0,0,0,0,"#20D0C6","#F0F0F0","#20D0C6","#F0F0F0","#20D0C6","#20D0C6","#F0F0F0","#F0F0F0",0,""
307,"Chicago HS","CHI","Caribou","chicago_hs_caribou.png",13181,296,107,1,0,206,0,11,0,0,0,0,"#B50514","#000000","#B50514","#000000","#B50514","#B50514","#000000","#000000",0,""
308,"Las Vegas HS","LV","Gryphons","las_vegas_hs_gryphons.png",43942,297,107,1,1,206,0,11,0,0,0,0,"#171775","#9B0101","#171775","#9B0101","#171775","#171775","#9B0101","#9B0101",0,""
309,"Scottsdale HS","SCO","Flying Monkeys","scottsdale_hs_flying_monkeys.png",72398,298,107,1,1,206,0,11,0,0,0,0,"#1A347E","#32939C","#1A347E","#32939C","#1A347E","#1A347E","#32939C","#32939C",0,""
310,"Chicago HS","CHI","Bisons","chicago_hs_bisons.png",13181,299,107,1,0,206,0,11,0,0,0,0,"#560F73","#20D0C6","#560F73","#20D0C6","#560F73","#560F73","#20D0C6","#20D0C6",0,""
311,"Columbus HS","COL","Snake Eyes","columbus_hs_snake_eyes.png",14625,300,107,1,0,206,0,11,0,0,0,0,"#B50514","#171775","#B50514","#171775","#B50514","#B50514","#171775","#171775",0,""
312,"Baton Rouge HS","BR","Green Devils","baton_rouge_hs_green_devils.png",7611,301,107,1,1,206,0,11,0,0,0,0,"#008253","#F0F0F0","#008253","#F0F0F0","#008253","#008253","#F0F0F0","#F0F0F0",0,""
313,"Lakewood HS","LAK","Thunder Wolves","lakewood_hs_thunder_wolves.png",43340,302,107,1,1,206,0,11,0,0,0,0,"#20D0C6","#000000","#20D0C6","#000000","#20D0C6","#20D0C6","#000000","#000000",0,""
314,"Metairie HS","MET","Mean Green","metairie_hs_mean_green.png",49854,303,107,1,1,206,0,11,0,0,0,0,"#053C70","#FFC001","#053C70","#FFC001","#053C70","#053C70","#FFC001","#FFC001",0,""
315,"Ft. Wayne HS","FW","White Wings","ft_wayne_hs_white_wings.png",25148,304,107,1,0,206,0,11,0,0,0,0,"#F0F0F0","#9B0101","#F0F0F0","#9B0101","#F0F0F0","#F0F0F0","#9B0101","#9B0101",0,""
316,"Baton Rouge HS","BR","Oceanics","baton_rouge_hs_oceanics.png",7611,305,107,1,1,206,0,11,0,0,0,0,"#20D0C6","#1E1E9E","#20D0C6","#1E1E9E","#20D0C6","#20D0C6","#1E1E9E","#1E1E9E",0,""
317,"Plano HS","PLA","Orioles","plano_hs_orioles.png",59475,306,107,1,1,206,0,11,0,0,0,0,"#A60003","#1A347E","#A60003","#1A347E","#A60003","#A60003","#1A347E","#1A347E",0,""
318,"Bridgeport HS","BRI","Knights","bridgeport_hs_knights.png",11664,307,107,1,0,206,0,11,0,0,0,0,"#1E1E9E","#F37A03","#1E1E9E","#F37A03","#1E1E9E","#1E1E9E","#F37A03","#F37A03",0,""
319,"Rochester HS","ROC","Lakers","rochester_hs_lakers.png",66478,308,107,1,0,206,0,11,0,0,0,0,"#008253","#F0F0F0","#008253","#F0F0F0","#008253","#008253","#F0F0F0","#F0F0F0",0,""
320,"Aurora HS","AUR","Express","aurora_hs_express.png",4975,309,107,1,1,206,0,11,0,0,0,0,"#C0C0C0","#000000","#C0C0C0","#000000","#C0C0C0","#C0C0C0","#000000","#000000",0,""
321,"Seattle College","SEA","Seafarers","seattle_college_seafarers.png",72460,310,108,0,1,206,0,10,0,0,0,0,"#20D0C6","#000000","#20D0C6","#000000","#20D0C6","#20D0C6","#000000","#000000",0,""
322,"Denver College","DEN","Huskies","denver_college_huskies.png",20170,311,108,0,1,206,0,10,0,0,0,0,"#B50514","#000000","#B50514","#000000","#B50514","#B50514","#000000","#000000",0,""
323,"Cleveland College","CLE","Mohicans","cleveland_college_mohicans.png",14082,312,108,0,0,206,0,10,0,0,0,0,"#560F73","#C0C0C0","#560F73","#C0C0C0","#560F73","#560F73","#C0C0C0","#C0C0C0",0,""
324,"El Paso College","EP","Explosion","el_paso_college_explosion.png",23176,313,108,0,1,206,0,10,0,0,0,0,"#A60003","#000000","#A60003","#A60003","#A60003","#A60003","#000000","#000000",0,""
325,"El Paso College","EP","Continentals","el_paso_college_continentals.png",23176,314,108,0,1,206,0,10,0,0,0,0,"#1E1E9E","#C0C0C0","#1E1E9E","#C0C0C0","#1E1E9E","#1E1E9E","#C0C0C0","#C0C0C0",0,""
326,"Austin College","AUS","Mastadons","austin_college_mastadons.png",4992,315,108,0,0,206,0,10,0,0,0,0,"#1E1E9E","#FFD700","#1E1E9E","#FFD700","#1E1E9E","#1E1E9E","#FFD700","#FFD700",0,""
327,"Dallas College","DAL","Gunslingers","dallas_college_gunslingers.png",21777,316,108,0,0,206,0,10,0,0,0,0,"#171775","#C0C0C0","#171775","#C0C0C0","#171775","#171775","#C0C0C0","#C0C0C0",0,""
328,"Indianapolis College","IND","Big Stick","indianapolis_college_big_stick.png",34491,317,108,0,0,206,0,10,0,0,0,0,"#053C70","#FFC001","#053C70","#FFC001","#053C70","#053C70","#FFC001","#FFC001",0,""
329,"Brooklyn College","BRO","Scarecrows","brooklyn_college_scarecrows.png",12985,318,108,0,0,206,0,10,0,0,0,0,"#008253","#F0F0F0","#008253","#F0F0F0","#008253","#008253","#F0F0F0","#F0F0F0",0,""
330,"Phoenix College","PHO","Warbirds","phoenix_college_warbirds.png",58739,319,108,0,1,206,0,10,0,0,0,0,"#F37A03","#1E1E9E","#F37A03","#1E1E9E","#F37A03","#F37A03","#1E1E9E","#1E1E9E",0,""
331,"Albuquerque College","ALB","Ocelots","albuquerque_college_ocelots.png",1405,320,108,0,1,206,0,10,0,0,0,0,"#1E1E9E","#32939C","#1E1E9E","#32939C","#1E1E9E","#1E1E9E","#32939C","#32939C",0,""
332,"Fresno College","FRE","Sound Tigers","fresno_college_sound_tigers.png",24787,321,108,0,1,206,0,10,0,0,0,0,"#9B0101","#C0C0C0","#9B0101","#C0C0C0","#9B0101","#9B0101","#C0C0C0","#C0C0C0",0,""
333,"Oklahoma City College","OC","Air Riders","oklahoma_city_college_air_riders.png",57035,322,108,0,0,206,0,10,0,0,0,0,"#155918","#FFD700","#155918","#FFD700","#155918","#155918","#FFD700","#FFD700",0,""
334,"Detroit College","DET","Buckeyes","detroit_college_buckeyes.png",20315,323,108,0,0,206,0,10,0,0,0,0,"#FFEA01","#155918","#FFEA01","#155918","#FFEA01","#FFEA01","#155918","#155918",0,""
335,"Cleveland College","CLE","Aztecs","cleveland_college_aztecs.png",14082,324,108,1,0,206,0,10,0,0,0,0,"#FFD700","#B50514","#FFD700","#B50514","#FFD700","#FFD700","#B50514","#B50514",0,""
336,"Charlotte College","CHA","Owls","charlotte_college_owls.png",18952,325,108,1,0,206,0,10,0,0,0,0,"#C0C0C0","#008253","#C0C0C0","#008253","#C0C0C0","#C0C0C0","#008253","#008253",0,""
337,"Kansas City College","KC","Villans","kansas_city_college_villans.png",36925,326,108,1,0,206,0,10,0,0,0,0,"#FFC001","#9B0101","#FFC001","#9B0101","#FFC001","#FFC001","#9B0101","#9B0101",0,""
338,"Portland College","POR","Swordsmen","portland_college_swordsmen.png",60505,327,108,1,1,206,0,10,0,0,0,0,"#053C70","#F0F0F0","#053C70","#F0F0F0","#053C70","#053C70","#F0F0F0","#F0F0F0",0,""
339,"Denver College","DEN","Klondikes","denver_college_klondikes.png",20170,328,108,1,0,206,0,10,0,0,0,0,"#560F73","#FFEA01","#560F73","#FFEA01","#560F73","#560F73","#FFEA01","#FFEA01",0,""
340,"Mesa College","MES","Diamond Dawgs","mesa_college_diamond_dawgs.png",49808,329,108,1,1,206,0,10,0,0,0,0,"#9B0101","#FFEA01","#9B0101","#FFEA01","#9B0101","#9B0101","#FFEA01","#FFEA01",0,""
341,"San Diego College","SD","Thunder Wolves","san_diego_college_thunder_wolves.png",69896,330,108,1,1,206,0,10,0,0,0,0,"#008253","#FFD700","#008253","#FFD700","#008253","#008253","#FFD700","#FFD700",0,""
342,"Mesa College","MES","Orioles","mesa_college_orioles.png",49808,331,108,1,1,206,0,10,0,0,0,0,"#B50514","#1E1E9E","#B50514","#1E1E9E","#B50514","#B50514","#1E1E9E","#1E1E9E",0,""
343,"Baltimore College","BAL","Bashers","baltimore_college_bashers.png",6650,332,108,1,0,206,0,10,0,0,0,0,"#FFEA01","#9B0101","#FFEA01","#9B0101","#FFEA01","#FFEA01","#9B0101","#9B0101",0,""
344,"San Antonio College","SA","Night Hawks","san_antonio_college_night_hawks.png",69776,333,108,1,0,206,0,10,0,0,0,0,"#FFEA01","#000000","#FFEA01","#000000","#FFEA01","#FFEA01","#000000","#000000",0,""
345,"Atlanta College","ATL","Wolfhounds","atlanta_college_wolfhounds.png",4704,334,108,1,0,206,0,10,0,0,0,0,"#FFC001","#9B0101","#FFC001","#9B0101","#FFC001","#FFC001","#9B0101","#9B0101",0,""
346,"Phoenix College","PHO","Anchors","phoenix_college_anchors.png",58739,335,108,1,1,206,0,10,0,0,0,0,"#FFEA01","#171775","#FFEA01","#171775","#FFEA01","#FFEA01","#171775","#171775",0,""
347,"Fresno College","FRE","Typhoon","fresno_college_typhoon.png",24787,336,108,1,1,206,0,10,0,0,0,0,"#FFEA01","#171775","#FFEA01","#171775","#FFEA01","#FFEA01","#171775","#171775",0,""
348,"Long Beach College","LB","Saints","long_beach_college_saints.png",41750,337,108,1,1,206,0,10,0,0,0,0,"#20D0C6","#F0F0F0","#20D0C6","#F0F0F0","#20D0C6","#20D0C6","#F0F0F0","#F0F0F0",0,""
349,"Conference 1","SL1","All-Stars","conference_1_all-stars.png",0,211,106,0,0,0,0,11,0,0,0,0,"#9B0101","#000000","#9B0101","#000000","#9B0101","#9B0101","#000000","#000000",1,""
350,"Conference 2","SL2","All-Stars","conference_2_all-stars.png",0,231,106,1,0,0,0,11,0,0,0,0,"#1E1E9E","#F0F0F0","#1E1E9E","#F0F0F0","#1E1E9E","#1E1E9E","#F0F0F0","#F0F0F0",1,""
351,"Conference 1","SL1","All-Stars","conference_1_all-stars.png",0,264,107,0,0,0,0,11,0,0,0,0,"#9B0101","#000000","#9B0101","#000000","#9B0101","#9B0101","#000000","#000000",1,""
352,"Conference 2","SL2","All-Stars","conference_2_all-stars.png",0,305,107,1,0,0,0,11,0,0,0,0,"#1E1E9E","#F0F0F0","#1E1E9E","#F0F0F0","#1E1E9E","#1E1E9E","#F0F0F0","#F0F0F0",1,""
353,"Conference 1","SL1","All-Stars","conference_1_all-stars.png",0,319,108,0,0,0,0,10,0,0,0,0,"#9B0101","#000000","#9B0101","#000000","#9B0101","#9B0101","#000000","#000000",1,""
354,"Conference 2","SL2","All-Stars","conference_2_all-stars.png",0,335,108,1,0,0,0,10,0,0,0,0,"#1E1E9E","#F0F0F0","#1E1E9E","#F0F0F0","#1E1E9E","#1E1E9E","#F0F0F0","#F0F0F0",1,""
